metric,A,B,nA,nB,pvalue,cliffs_delta,row_type,summary_scope,summary_n,summary_mean,summary_std,summary_min,summary_p25,summary_median,summary_p75,summary_max
f1,global,,5,0,,,summary,global,5.0,0.838317696103236,0.009351274522678601,0.8196856906534326,0.8414043583535109,0.8434994771697456,0.8434994771697456,0.8434994771697456
f1,scenario:default,,5,0,,,summary,scenario:default,5.0,0.838317696103236,0.009351274522678601,0.8196856906534326,0.8414043583535109,0.8434994771697456,0.8434994771697456,0.8434994771697456
