metric,A,B,nA,nB,pvalue,cliffs_delta,row_type,pvalue_fdr,summary_scope,summary_n,summary_mean,summary_std,summary_min,summary_p25,summary_median,summary_p75,summary_max
f1,default,manual,16,24,0.0025464726577283433,0.5703125,mannwhitney,0.0025464726577283433,,,,,,,,,
f1,global,,40,0,,,summary,,global,40.0,0.8166991565170347,0.012362094105749894,0.7933479437927033,0.808850390103202,0.8154471544715447,0.8206373170862442,0.8434994771697456
f1,scenario:default,,16,0,,,summary,,scenario:default,16.0,0.8249140200834002,0.013743078634229392,0.8038875390489414,0.8147079858079617,0.8208769296710259,0.8414043583535109,0.8434994771697456
f1,scenario:manual,,24,0,,,summary,,scenario:manual,24.0,0.8112225808061243,0.007335207820820033,0.7933479437927033,0.8083202072378174,0.8093628088426528,0.8157953166464414,0.8264971287940935
