metric;A;B;nA;nB;pvalue;cliffs_delta;row_type;summary_scope;summary_n;summary_mean;summary_std;summary_min;summary_p25;summary_median;summary_p75;summary_max
f1;global;;8;0;;;summary;global;8.0;0.8360924705043743;0.009305327977631287;0.8196856906534326;0.8307761095296678;0.8414043583535109;0.8434994771697456;0.8434994771697456
f1;scenario:default;;8;0;;;summary;scenario:default;8.0;0.8360924705043743;0.009305327977631287;0.8196856906534326;0.8307761095296678;0.8414043583535109;0.8434994771697456;0.8434994771697456
