metric,A,B,nA,nB,pvalue,cliffs_delta,row_type,pvalue_fdr,summary_scope,summary_n,summary_mean,summary_std,summary_min,summary_p25,summary_median,summary_p75,summary_max
f1,default,manual,16,22,0.0050676000971461525,0.5397727272727273,mannwhitney,0.0050676000971461525,,,,,,,,,
f1,global,,38,0,,,summary,,global,38.0,0.8174172170034564,0.012205783396471404,0.7933479437927033,0.80906113231819,0.8154471544715447,0.8215912181544942,0.8434994771697456
f1,scenario:default,,16,0,,,summary,,scenario:default,16.0,0.8249140200834002,0.013743078634229392,0.8038875390489414,0.8147079858079617,0.8208769296710259,0.8414043583535109,0.8434994771697456
f1,scenario:manual,,22,0,,,summary,,scenario:manual,22.0,0.8119649965816791,0.007026274722117376,0.7933479437927033,0.8086300233562013,0.8109266443299326,0.8164916409962351,0.8264971287940935
